,x1,x2,y1,y2
1,-3.331558683,-10.93190475,-16.22267579,7.470512278
2,-2.751879895,-14.5379711,-11.26764972,17.71573875
3,5.062976902,-9.813482275,28.82578575,46.76509388
4,2.941184486,-3.822087306,16.35026939,24.33529666
5,1.479524485,-7.409013473,9.264751214,23.73805262
6,-3.305743144,-10.77739783,-14.0259644,6.351405419
7,9.684214811,-9.174147703,50.47590998,69.34537478
8,-10.95746977,-12.68693924,-52.61252031,-28.10587319
9,8.824175702,-10.56832618,47.58188888,68.40920389
10,18.10797012,-6.270568157,92.48481799,103.9290312
11,-5.75305862,-11.54316368,-25.8640913,-3.227452092
12,2.52453978,-10.36442103,13.62481182,34.48738317
13,1.008880247,-10.34231592,6.81232697,27.76524404
14,1.775211012,-8.408999117,11.06185794,28.67679965
15,-1.083073179,-8.985947472,-2.850375057,14.46787287
16,4.000352854,-11.49899896,22.94203537,45.85640966
17,-4.708685334,-9.642072557,-21.36131251,-1.190645319
18,1.157500593,-8.473283744,9.517687974,23.12736182
19,-11.14507243,-8.178695453,-54.52390626,-35.57637146
20,9.467339963,-7.105576293,49.88739907,65.15904271
21,-14.56240622,-10.8318782,-71.56570703,-49.20351902
22,14.11852054,-11.55898725,73.12523572,95.72707216
23,9.690242692,-5.094308544,50.50644679,60.96942432
24,3.203995441,-11.43291217,17.62577001,40.67108454
25,12.1246025,-9.979840482,61.52560163,82.32832726
26,-3.553856946,-8.227262071,-16.73796196,0.8311888956
27,10.78916862,-12.48433955,53.36640557,79.2797066
28,0.06262777997,-10.46439584,2.521672309,22.99992503
29,12.59097131,-9.827325121,63.99633801,86.35079415
30,2.555646074,-11.19140434,16.89621023,36.26302306
31,-0.0543940571,-8.264555934,2.444435033,16.24760304
32,15.56602231,-12.28090681,80.36549577,106.0820407
33,4.839678972,-7.686718939,25.41783003,42.65893274
34,12.1042622,-9.114961678,60.07631515,78.64337037
35,13.92196286,-11.82519951,71.94801771,95.33181312
36,2.193071663,-6.036606768,13.21874405,24.95984922
37,-8.438488016,-9.776211117,-38.93633477,-19.65563777
38,6.761416303,-10.61883213,35.12556967,57.37788823
39,14.87168938,-11.06367632,75.08160803,98.50020711
40,17.99689972,-9.112768426,92.08631088,110.9035275
41,12.32390337,-10.13231439,63.4680763,83.03118007
42,1.630218635,-10.70714404,9.045784433,29.31388622
43,5.910415183,-7.786444802,31.75953882,46.4669763
44,-6.837991939,-13.42547009,-30.85336623,-3.568552104
45,-1.87122477,-11.48874735,-6.229433792,16.10923236
46,-11.37660724,-15.46941311,-54.50753719,-21.38928694
47,12.52844709,-9.844677043,66.46632494,84.96090205
48,-4.500235609,-13.65450676,-20.34313397,4.518071448
49,1.140640276,-11.85446034,7.913818622,32.12314299
50,17.81335367,-9.775945217,92.28384738,110.6135487
51,15.66668023,-10.09620217,80.49729138,99.50637388
52,20.0431982,-12.01951502,101.8554643,127.4524799
53,15.12294052,-8.666543057,78.58889834,95.38207113
54,-12.00335895,-9.844895662,-59.88047894,-38.24847918
55,-4.215411094,-6.943905268,-19.02779514,-5.156737295
56,13.09803106,-11.57608892,68.41117552,91.06713915
57,22.87189496,-8.686111137,118.7261503,132.570334
58,-10.27532653,-11.35769799,-50.45284847,-26.08682998
59,6.005915071,-10.28444071,31.27952597,50.67308444
60,-7.308788724,-10.29679638,-33.25513995,-13.84549127
61,12.85937429,-9.381108467,65.78450775,84.3987645
62,-9.205772892,-7.307295417,-43.54311015,-30.23656104
63,5.666880101,-14.29930306,31.18580639,59.84355812
64,16.53821011,-11.85076403,85.50761874,108.6839411
65,9.798656556,-10.8622983,49.95227126,72.99986101
66,3.281231458,-11.48989499,19.41076754,42.04845982
67,-8.336348341,-12.87286905,-40.88786361,-15.33801586
68,16.35563624,-9.280680323,84.09965232,101.5148172
69,2.851238984,-11.03714667,15.93576518,37.37415471
70,-4.137635602,-10.54445718,-18.17062966,3.046669794
71,7.229458356,-9.658523986,38.1533652,58.18613744
72,-5.929761832,-9.740582101,-26.71499307,-8.682720346
73,0.03918084904,-11.67224078,2.049059633,23.96785327
74,11.77662225,-11.48104645,61.47447473,85.83120047
75,10.25099008,-13.01649883,54.0215433,77.72492905
76,-1.123964866,-10.07568328,-0.9912783927,16.62718198
77,-8.275075939,-13.6921099,-39.14224584,-12.36499119
78,3.750734015,-9.538563877,20.3282017,40.13301858
79,-7.385299215,-6.456668139,-35.43174001,-22.08129448
80,8.534795177,-9.53047064,43.93706481,63.69709422
81,13.26801901,-6.56153533,68.15593755,81.65320348
82,0.9651875371,-6.743115616,7.215870688,18.6948175
83,-14.59597891,-9.431903087,-71.34278805,-51.25426526
84,1.591739022,-10.51097143,9.559192686,30.03709284
85,2.948201788,-6.896606496,17.39000116,29.9832688
86,-10.05014839,-9.328335545,-48.68748762,-28.29912123
87,17.70421899,-10.59808591,89.56941973,113.3092502
88,-3.462234153,-7.259972632,-13.52345805,-2.439134245
89,7.056282865,-6.981157073,36.30141437,50.55955695
90,13.23104204,-13.65233938,68.96766695,94.9760553
91,20.01998155,-10.42401718,100.1837018,124.0760732
92,-2.301261698,-9.494421238,-8.741675218,10.28890628
93,-15.11932611,-10.80023019,-73.53977394,-50.89111601
94,2.015906539,-9.895668911,12.25400503,31.50232078
95,6.197048638,-12.13696078,33.27224889,55.86525818
96,6.668669037,-10.27844372,35.18390076,55.97741915
97,-13.35929568,-8.716735762,-66.21711075,-47.01314886
98,9.830347755,-9.711576141,49.17385753,69.87124541
99,10.53195971,-13.80776951,53.75900444,82.20816007
100,10.35096666,-8.29786602,54.10897769,70.37642651
101,0.04873285498,-8.556539261,1.422676691,19.78925759
102,9.465386512,-11.87370316,51.47178448,72.19322909
103,4.98002501,-8.003526725,27.269919,43.58777921
104,6.342485097,-10.42033911,33.70698452,54.49115282
105,17.92260046,-12.62840878,92.71690211,116.2514201
106,0.884841208,-8.08403123,6.831090898,21.45424834
107,-2.742162982,-9.813779749,-10.57115164,7.994695873
108,1.622451453,-9.343390218,10.2968996,29.23301231
109,9.346510103,-8.958169102,48.85161745,66.98494235
110,1.986850267,-10.7533214,12.95947994,34.6711308
111,-13.92482802,-8.169433053,-68.91680247,-50.16040972
112,-7.102443555,-14.04428845,-33.46744129,-5.726537019
113,-3.36615174,-13.66417013,-15.9874696,11.87015571
114,-10.30596983,-9.619736266,-48.85736092,-31.74404342
115,-8.135112542,-10.09809097,-39.52322936,-17.96086948
116,11.28680701,-15.58454708,58.78604908,89.14349166
117,-1.41831103,-7.582751158,-5.369584522,9.3339329
118,-13.98897571,-8.713669967,-66.58753105,-49.60369018
119,-7.159441584,-10.89019738,-33.18001327,-10.30077049
120,-7.452062466,-12.29426968,-35.3647524,-11.14267436
121,-5.914945036,-11.95340124,-27.67449296,-3.827184024
122,-8.578550919,-5.730634877,-39.95206607,-29.7280813
123,-1.379396326,-9.315051612,-3.451525442,13.88782227
124,7.620610939,-11.01454143,41.41219089,61.27227956
125,-0.5788680498,-6.765127505,-3.258200448,12.41552987
126,8.119822846,-7.586124645,42.51514277,56.79693821
127,30.80518172,-8.978442439,156.6758951,175.1985673
128,7.252344519,-13.35159904,40.03166652,65.69790831
129,14.28716217,-8.912963699,71.3979849,91.39130829
130,-4.823411537,-10.37863942,-22.48309494,-1.839798707
131,7.620064373,-9.187103622,40.33847157,59.47871176
132,-6.283289183,-11.03296282,-30.59152398,-6.312953248
133,6.513309616,-12.68868829,33.86750386,60.60093177
134,6.853362083,-10.26097194,35.24017059,57.49718932
135,10.02264121,-10.04201947,51.17296042,70.22188187
136,5.597922473,-9.796054794,32.43156935,50.55227418
137,10.09490191,-6.974636722,53.1180447,67.48706914
138,-3.75578461,-6.974325069,-16.75580045,-1.536004742
139,3.590411242,-10.78134286,21.19618714,41.49693199
140,16.44249246,-9.472770748,85.13590125,104.132853
141,4.02060023,-11.14622748,22.7008112,45.23851205
142,-3.533694395,-13.99554312,-16.36437836,12.98355672
143,12.50621286,-8.558095431,61.64848378,82.13296644
144,5.175190061,-10.0470988,28.12356987,47.63953874
145,-0.5983045762,-10.22296264,-1.97196259,19.47872948
146,-9.220514773,-9.356373994,-44.27991494,-24.76676286
147,-13.44401685,-10.80887342,-65.17596385,-42.18117643
148,1.598955692,-12.42164011,10.75311381,34.30581357
149,-7.661565241,-11.59452701,-35.51002264,-15.30484439
150,3.518772328,-12.18286325,21.96589819,44.57230007
151,1.928743415,-10.78037583,12.04208402,32.30175961
152,0.7408441681,-11.47701114,4.860351154,28.32184309
153,10.36299701,-10.64318733,53.65614773,74.88659644
154,1.046113184,-8.98777623,6.968116138,24.54801179
155,18.90317295,-8.662817118,98.08072791,114.6572389
156,-6.858610714,-9.178683838,-32.00596941,-12.83441812
157,-10.463569,-5.626998367,-49.78339858,-38.85064891
158,1.711021254,-9.788462285,8.787991439,30.64349451
159,-3.505900034,-9.500419304,-15.00810358,2.13374655
160,0.3122377842,-7.7124468,2.410976082,18.44591849
161,9.333809919,-13.34292011,48.1974016,76.49846403
162,17.57242294,-8.02072384,88.72933859,103.7523909
163,11.45083472,-10.81671117,60.78695608,81.68438786
164,17.52068162,-7.858122743,89.37016851,103.926436
165,6.849402071,-10.15972972,38.6652012,56.19314519
166,-6.149298817,-7.387651403,-28.63990443,-13.52017244
167,-5.149368366,-11.30207574,-21.67195085,-1.5057333
168,10.7028575,-9.003228191,56.36447467,73.48012464
169,3.149351766,-8.51599126,16.43721625,33.8506813
170,-3.992698667,-11.83246562,-18.1907596,5.56566242
171,-3.655755535,-10.62340756,-16.98884989,4.543605718
172,-4.199545876,-15.69906104,-17.67035552,12.0273815
173,-17.97386822,-10.79573131,-88.68647121,-69.17399822
174,-1.939184092,-7.601190278,-6.527333186,6.850379841
175,4.467158801,-6.272772258,25.51144674,38.4905649
176,-38.07165031,-8.651006411,-187.7940949,-170.7178419
177,17.24175526,-7.881478595,88.38677522,104.1022143
178,-13.98125225,-10.93065075,-66.76310228,-46.64151576
179,14.77972575,-14.18018245,75.97117823,105.4416868
180,-3.298838648,-11.62115321,-15.2685292,9.53558788
181,13.48848167,-7.856789204,69.06133208,85.59309384
182,8.251911731,-10.91044391,44.57630286,65.08738269
183,-3.908924042,-7.454163164,-16.73091018,-2.729235855
184,-2.463526428,-9.209420287,-8.700914761,8.230265953
185,5.223318489,-10.13065601,27.78123223,49.24253785
186,-0.6320461848,-12.13730928,-1.418839015,24.38175686
187,6.771229037,-8.295926387,35.48471301,51.9501719
188,-3.581956088,-9.655229372,-14.53900705,3.35344337
189,-5.219904296,-10.51455576,-23.46960683,-4.773118289
190,-6.209714443,-9.196874582,-28.23475402,-10.39993655
191,-0.6492942951,-8.16381564,-2.049448157,15.47022301
192,3.658016674,-11.32148422,22.00673246,43.75246045
193,0.860508825,-11.69125145,6.966181557,29.0917224
194,-4.382139769,-7.570370086,-19.90180321,-4.135154779
195,9.294075641,-9.761712064,50.08461711,67.68205216
196,8.763059703,-8.344851175,46.92593583,62.33849303
197,4.132852974,-8.946367593,24.07755205,41.9816024
198,1.134276916,-9.482989706,9.136892871,25.96135974
199,0.659786553,-9.770290781,4.39679441,24.80402716
200,4.253780829,-9.794714866,21.22719773,42.40204599
201,13.55042926,-12.02053603,70.02448433,92.86235174
202,6.915971866,-7.523968761,36.81876637,50.55152912
203,10.40364114,-12.22379001,55.33451708,77.97648606
204,14.63209173,-7.822411977,74.2570165,90.4806473
205,-7.347403384,-10.14552663,-32.56099816,-14.58621471
206,-1.733665634,-9.991828912,-6.07921848,13.3848918
207,17.62122247,-6.986166156,90.80512103,103.218733
208,2.427088274,-7.856637924,15.26326802,31.04682338
209,5.054134296,-10.85620822,27.97118782,48.00137024
210,-12.48208201,-9.209764602,-58.18827895,-43.21035999
211,-2.287290485,-13.59149673,-10.15105822,17.58272696
212,-5.846164202,-9.517809821,-28.77353183,-7.48484206
213,1.3520922,-12.91351182,9.066998514,34.2254591
214,8.285672866,-10.96429132,44.27376109,66.79328777
215,3.120836289,-9.767888784,17.18248187,37.13436555
216,13.30857947,-9.95463252,67.87924921,88.92618955
217,6.130987716,-8.237080004,32.87309894,50.8693818
218,16.04157363,-12.22068628,82.06070453,105.8169495
219,10.45034576,-10.35499754,54.83675703,73.15425815
220,-5.035896562,-11.87601262,-21.28389258,-1.514787867
221,9.055155525,-7.107638549,48.18675264,60.9407029
222,-16.81614535,-5.842319543,-80.59472947,-70.07253487
223,-11.3873864,-7.380140059,-55.74611473,-39.9963248
224,4.172642778,-5.603549029,23.49117923,35.62240321
225,-7.529953256,-11.66423847,-34.21150606,-11.646027
226,10.90835647,-9.296374705,56.17706686,76.3794752
227,-8.902766601,-11.61586913,-43.47192545,-19.09378643
228,15.23618385,-8.192205502,78.09787823,94.65441301
229,-25.78450885,-9.594667826,-126.5678808,-107.5783739
230,-9.002337956,-8.193600666,-42.88891038,-28.74291203
231,-11.20521336,-10.7558068,-54.3288511,-31.40551277
232,-10.18208659,-11.97551728,-48.26832166,-25.91447602
233,15.66963061,-8.793643047,80.2732182,98.26396292
234,14.66371843,-7.349301398,74.77380895,91.56055389
235,-7.211729961,-9.928787127,-34.02482176,-12.73760812
236,23.18035852,-10.28750655,116.9972457,138.2775611
237,19.66257123,-9.130021348,98.66443639,118.0186777
238,-1.88817375,-11.75353593,-7.702640433,16.49908152
239,-0.6006470581,-8.805970718,-1.491180244,16.32942001
240,-15.37344826,-10.50169175,-75.50585736,-53.71027882
241,-9.073525431,-9.034565024,-43.75051177,-24.32775505
242,4.918964659,-8.756816986,26.36194171,44.75066424
243,12.44939869,-10.27739018,64.25781008,84.44892174
244,-1.448804986,-8.891436069,-7.059181328,14.15236657
245,3.055905218,-8.551014027,19.02594169,33.14205182
246,9.563071157,-6.406302607,49.01262204,64.08580916
247,4.561496487,-12.4713046,23.05041901,47.4845845
248,5.542653935,-12.60816736,27.73663098,54.13177826
249,0.3123657339,-11.87569949,3.597220673,26.9036531
250,-18.15296033,-9.24871587,-87.41792158,-66.75146604
251,25.06945404,-9.5967157,127.0101094,145.938164
252,-3.989989658,-9.12227754,-19.22568273,0.09460852423
253,-10.06793259,-7.690285956,-47.56040701,-33.34868544
254,11.69317343,-8.771010903,58.61693182,80.79039724
255,17.69455044,-8.175321142,91.6048011,107.5612671
256,1.615849776,-9.422132892,10.16668997,29.10628701
257,5.203024393,-9.10341676,26.89606906,44.63350021
258,11.33068126,-12.56102159,58.94928796,82.28788798
259,18.79737234,-12.67093297,96.87884415,120.6429705
260,5.963645796,-11.39389938,31.78719659,54.91758822
261,2.230514842,-13.66025923,14.01936493,41.14288656
262,-2.521373001,-6.804253055,-11.51236745,2.917066456
263,-26.82385698,-10.74371966,-129.8808192,-110.7901052
264,23.39736972,-11.65667592,118.119754,143.0036787
265,-6.101713329,-11.6682253,-29.05599795,-4.276587558
266,-4.87587551,-9.752268721,-22.50521094,-4.187961518
267,3.629381648,-8.250664058,18.86724748,36.70537008
268,-2.422188376,-10.50269132,-11.48371854,11.03452901
269,-1.308610709,-6.838625624,-3.536293841,9.48220116
270,-13.77194916,-8.578989192,-66.20321481,-50.31870905
271,3.426019194,-10.6910941,18.7049152,41.07799194
272,15.31281934,-11.40790534,80.0672045,101.5141253
273,8.846833247,-12.08293006,45.50896716,70.00593024
274,-1.470174439,-9.425410859,-5.405039615,11.56065689
275,10.09686665,-8.400077237,51.92818277,69.56321713
276,-4.517621485,-9.575466325,-20.890244,-2.213343699
277,-15.20248014,-10.15606237,-75.47836092,-54.31936665
278,0.127788661,-7.068113411,1.565039387,18.44746271
279,13.52678997,-7.058677356,69.70178477,84.97707679
280,16.55813032,-8.456927035,83.61419592,101.4329559
281,8.123368716,-13.14422081,42.25854569,69.61331534
282,19.09754838,-10.24173593,97.14139782,118.1080612
283,-17.63718452,-11.3696286,-86.83313361,-62.42115312
284,25.06421247,-12.24372468,128.4000491,151.565473
285,-7.955293337,-6.859695066,-36.15874723,-22.73003222
286,20.58479123,-8.65445146,104.2860983,122.6430321
287,7.735036771,-13.03711857,39.56590651,67.46825517
288,3.448516226,-11.59369288,19.19240644,44.01505253
289,3.712155009,-9.025073165,20.62543292,38.77482404
290,6.040171941,-9.834664545,31.17685361,50.69229827
291,19.28769443,-8.908797993,98.84995695,114.9405524
292,-3.428819792,-10.01683125,-14.22133674,5.635689421
293,-9.58401505,-11.48477358,-44.76443863,-23.19618736
294,14.78101824,-7.419726193,77.55401111,90.11030761
295,-0.2479835431,-8.380661373,-0.1063438183,16.64400053
296,20.4375792,-13.5768367,102.1572402,130.8566692
297,-2.566597089,-8.806512725,-12.50081877,7.319258309
298,8.688699919,-11.29730941,45.27080908,67.80429592
299,-13.17284306,-8.80806038,-63.61688534,-45.55298782
300,-7.701711279,-10.13978752,-35.77672834,-16.154662
301,-0.2464350088,-11.68665889,0.8948047182,23.33645105
302,-0.6565468424,-10.88979547,-0.0402083248,19.69969531
303,-2.171667247,-12.96472282,-9.729107454,17.70872949
304,-7.199276323,-10.92973788,-32.85661089,-10.50809153
305,-7.820363561,-12.0457865,-37.33209131,-12.65183458
306,-0.08934862822,-7.859553109,1.935844736,17.06109837
307,2.151097959,-12.89204275,13.39956048,39.43336456
308,9.400729936,-9.388937469,48.07682542,68.44723682
309,7.816556521,-9.157520968,40.80291234,59.46289255
310,2.495098633,-7.888128118,13.9028506,29.85011375
311,17.48576218,-9.54798882,89.25731231,107.9778914
312,-12.96180671,-11.30504814,-62.88291977,-40.23234118
313,-1.438609281,-8.386525354,-3.663643201,10.75443385
314,9.394503557,-10.19335141,49.94648168,69.75514575
315,-11.83787749,-12.19638275,-58.09688579,-30.94954328
316,-8.610817781,-8.509090366,-40.6156267,-26.99842963
317,-4.585412643,-6.658181837,-22.06236999,-6.660654685
318,-9.565755505,-5.69936907,-44.13529879,-34.2177646
319,-9.047305095,-11.57020282,-42.29923545,-18.33724826
320,0.4783562758,-11.10266119,4.45810333,26.56013239
321,-7.401470394,-9.650424058,-34.96953752,-15.1006342
322,1.344225905,-12.9091995,8.314213945,34.80668871
323,-10.69444621,-6.382312497,-52.45161311,-39.45310064
324,13.49267172,-9.484660754,68.34871418,88.63150816
325,20.36307333,-12.03706799,105.108544,126.8846858
326,-2.802301809,-11.77615781,-13.35720436,10.01374672
327,-11.2438962,-10.11001798,-54.4109214,-34.39753768
328,9.702099365,-8.345499409,51.69107735,67.95486894
329,-5.41354869,-7.477851712,-26.56348478,-8.62332549
330,7.111496402,-11.51162734,38.2075796,59.45012765
331,23.56331847,-11.56050773,118.0563342,142.5831369
332,3.689032602,-7.83581376,19.33630903,38.99269991
333,8.992942414,-11.30007132,47.62878505,68.37233603
334,6.798358817,-10.18126523,34.44673753,56.55137871
335,1.032850575,-8.100360118,8.250411288,24.5224539
336,21.47075061,-13.17324734,108.3916141,135.1211716
337,19.29006891,-8.758479599,98.27883179,115.7579066
338,-2.787327229,-8.831323606,-11.41588941,6.489253076
339,11.53827206,-9.999005453,60.22560654,80.27465978
340,31.63657473,-10.11132302,159.4537469,179.5207288
341,30.20676639,-11.99435762,154.944204,177.9180873
342,-8.732023087,-8.436614438,-39.96351693,-24.23213652
343,-9.895723158,-6.762325131,-47.28453343,-32.67157045
344,1.384713033,-8.59080873,7.326544451,25.0014977
345,-4.44125716,-9.307089646,-19.76211427,0.5013928675
346,27.99510232,-7.326737577,141.393286,156.0821048
347,-3.243158056,-11.11584998,-15.52123682,7.622934002
348,23.01033765,-10.79777201,117.444821,141.1282818
349,3.456862941,-9.441009407,19.25986823,38.65754349
350,3.094999722,-10.27246974,18.20714928,37.78711526
351,22.37299429,-8.065186481,114.31377,131.2515581
352,-8.072892781,-10.81175695,-38.48356167,-18.42834184
353,-8.225375618,-11.83780202,-40.11454114,-16.59434391
354,-0.07180697871,-11.08775122,0.7565507833,23.38925355
355,11.07414091,-13.22348967,57.48345017,84.36031914
356,-3.332970533,-10.14086632,-14.63862666,6.029555061
357,-5.276660284,-10.56082612,-23.55743123,-2.276965357
358,-7.660564466,-7.464110576,-34.94136197,-19.83539494
359,9.298173564,-8.747287848,48.5226655,66.35323718
360,0.7610331676,-10.97035417,5.167145967,28.12322126
361,1.148382237,-14.83371482,6.790909277,37.58229065
362,10.01998333,-6.372421971,52.70585777,63.25705013
363,1.740705131,-10.49369958,10.27305089,30.4651654
364,13.8323707,-8.621947976,70.53858046,89.26198527
365,1.618678496,-8.189497027,8.700882867,24.80325026
366,13.49974419,-8.445314886,70.20774689,85.96946635
367,-1.534894949,-12.17070161,-4.144056606,19.87066699
368,10.19619881,-9.628821065,53.36121813,73.09676336
369,15.57684103,-8.279677154,78.46234248,98.66346988
370,11.5089063,-8.954918589,60.63548823,76.70892656
371,-0.8623763166,-8.8323823,-2.234334854,18.86697643
372,-6.11468534,-5.574167295,-27.58419711,-18.22469396
373,8.243147436,-7.10829553,41.79861537,57.35233911
374,11.68437394,-10.68872232,61.09051245,82.69426728
375,10.73680024,-10.81246363,57.16490766,76.98514462
376,1.577646559,-9.540026283,9.544762062,27.3595265
377,22.40855646,-10.25094823,113.6012869,132.0375776
378,-7.869130291,-8.583225002,-39.11281487,-20.2049948
379,-3.033994407,-8.635197853,-14.37028978,4.190097433
380,-15.20521621,-14.30205889,-72.58133904,-44.84494443
381,0.4022925947,-10.37410987,4.406596077,23.42002107
382,1.873811292,-6.242825405,11.70126014,23.86651863
383,18.37920397,-10.24684676,92.96618741,113.4721124
384,7.802595543,-12.52197051,42.81437289,67.70663998
385,-0.4598815083,-9.500315412,1.447205102,17.85202986
386,20.44596266,-9.87862347,102.1653168,122.4885016
387,-0.1679799255,-9.36732683,0.9268117316,20.17917079
388,5.842717499,-10.99935612,31.75052127,53.0452382
389,6.214396496,-8.258172479,34.38046383,48.62543826
390,-2.07290729,-10.01553139,-8.796353997,11.27464204
391,-9.49692094,-8.73247709,-46.65407419,-28.10770866
392,6.145492094,-13.81965064,33.53443124,58.9084554
393,5.556125258,-12.13014499,28.78940399,53.88032636
394,-10.42712544,-8.591247462,-50.7240999,-32.39043333
395,18.63963344,-9.75168092,96.89403542,115.037447
396,10.56248062,-5.471687742,53.80692943,65.51955932
397,-7.787822079,-8.637864958,-36.86251587,-18.9750323
398,14.83617233,-10.53189699,76.77449475,98.49866163
399,-8.593683308,-11.51650291,-42.16272159,-19.27147488
400,-5.262286324,-12.49616516,-24.50026929,1.485849689
401,13.64728093,-6.978127971,71.02339208,85.22489041
402,18.06987993,-10.09624217,92.715275,113.0770977
403,16.49564628,-9.525575529,83.02714378,102.3127436
404,11.39122235,-11.50151927,58.88938536,82.65478976
405,-0.4532452893,-11.74070257,0.7829191706,22.64554655
406,-3.636869828,-7.983403157,-14.79129281,-1.654355776
407,-1.264393603,-10.02497785,-4.994634066,14.71656625
408,17.49778109,-14.12192123,88.96890952,117.1257873
409,-5.76794404,-8.650114478,-25.70528954,-9.35124366
410,-6.179509383,-10.72828119,-26.83986246,-5.871734145
411,15.22078641,-10.74432366,77.92958787,99.7344849
412,8.411133873,-16.12379104,44.62950592,76.93668117
413,3.462368724,-8.858347862,19.59037369,38.42820557
414,2.946397208,-9.58575889,16.26531437,32.52567401
415,-6.221254634,-8.846888588,-28.7804951,-12.37765359
416,9.820427663,-9.374389504,50.44847923,68.69540311
417,7.934469119,-7.974535989,41.50420852,58.06415087
418,-3.099313996,-9.920754249,-15.04538465,7.761349551
419,-13.84524791,-13.20145801,-68.76804221,-40.85948028
420,-2.618175379,-9.331899339,-10.21504018,8.56639819
421,4.64631007,-8.127670823,23.41777076,41.34551268
422,10.12424551,-9.962773312,51.60434556,73.71917523
423,2.299864908,-14.11910434,13.05065865,41.75218358
424,12.79159143,-11.24547397,65.76082469,88.59499552
425,-9.347976282,-10.98272978,-45.2034164,-22.18816835
426,9.420658201,-5.888326271,48.8642201,60.48342784
427,7.969948517,-10.71616073,42.19770872,63.18945798
428,-5.276030559,-10.68894029,-24.99205095,-3.533678832
429,13.09553446,-10.02030663,67.07414594,88.42509129
430,-5.265112296,-13.61416221,-24.97341635,2.508954996
431,15.46021599,-9.017211623,81.18860098,97.11821678
432,9.173011957,-6.143321035,47.35905444,59.9501008
433,14.09501286,-11.82626209,71.84720964,97.13039555
434,-12.59749962,-12.91278839,-60.27479176,-37.39865694
435,-7.06417537,-8.689587873,-33.426408,-17.32503951
436,17.23769248,-10.10090948,88.71467132,109.0930822
437,-1.504984126,-10.13694978,-5.056104365,14.57497381
438,9.500831524,-8.055370914,49.45232307,65.82738139
439,3.237777046,-7.996252716,17.80788147,32.73650603
440,5.380749121,-12.94785497,28.87923014,54.83567964
441,-9.159472273,-10.92172331,-44.42403477,-21.31431496
442,16.47602551,-9.31463483,83.60368324,103.2973018
443,5.537410222,-7.97287403,28.72363519,45.29499267
444,15.20777607,-9.093134249,77.88912632,96.28616436
445,-17.03556534,-10.04256787,-82.78223782,-62.3766271
446,1.92039488,-10.3253957,11.36697544,33.34238262
447,4.954307685,-8.698708925,25.96419715,46.04138948
448,3.271044512,-9.165426267,19.15637199,36.25573858
449,-1.819493782,-9.719224722,-8.302972497,11.4628729
450,-5.235142539,-7.265099426,-24.4173148,-9.965812097
451,-15.48255686,-12.3507388,-75.00171125,-50.3726742
452,-2.886626653,-10.08352529,-10.85552536,9.113884573
453,13.67870497,-8.620315167,71.90694292,87.50828139
454,-7.756135195,-12.36553954,-35.30507372,-11.44189824
455,-8.841685077,-4.945774976,-42.35539273,-31.59573809
456,-1.20881,-12.17963608,-5.173119166,19.6529413
457,19.72336976,-10.68348599,101.7146018,123.6309936
458,16.18868267,-10.23403463,83.3761221,102.8394883
459,-3.668117072,-13.81802354,-18.12019178,10.8526359
460,-3.720706452,-12.12974352,-15.58919871,7.86750655
461,0.8756749121,-8.314527756,6.001215641,22.54281047
462,21.01032073,-9.110691144,104.718231,126.1036946
463,-7.320144986,-13.20074051,-32.23077398,-9.042102683
464,11.38773229,-8.782354506,60.93088379,76.34683298
465,27.59652995,-9.41877262,140.5497253,156.6516832
466,10.89972056,-10.83448085,56.3570392,76.78460005
467,7.732148682,-9.115345958,40.57511422,59.34794819
468,1.129842407,-7.988880601,8.157558322,22.04964357
469,2.781312161,-7.662124832,16.29209352,32.46899921
470,-21.7502462,-8.163705609,-106.0835382,-89.83953995
471,17.06113465,-10.74034186,83.40910029,109.7145649
472,21.17616138,-7.565633057,106.312631,123.5326294
473,15.60212262,-14.0664067,81.57304518,108.1348536
474,0.6837155962,-14.58232445,4.773285986,34.87191052
475,7.450774209,-9.34431666,39.15110012,57.51480917
476,-14.62349336,-8.564697987,-71.32048415,-55.00183445
477,11.62340466,-10.38502966,60.17368485,80.84289287
478,-12.24607096,-8.946461379,-60.47516195,-42.07165071
479,26.1371813,-11.18752561,130.7527575,156.2767922
480,-3.484927238,-6.755547616,-16.30219284,-1.235362923
481,-9.258786811,-12.03443761,-44.98744653,-21.43984769
482,-3.732393123,-8.83287059,-16.65291344,3.00998009
483,7.73491129,-10.84567561,41.82890799,60.79882455
484,-5.519866487,-6.904200928,-26.97348976,-11.27031278
485,6.04179546,-7.855828298,33.45937212,48.13600948
486,2.509069387,-11.40562629,11.64029585,37.13812384
487,-11.19837616,-10.01212847,-53.79197716,-34.67722071
488,2.216430546,-10.92322795,13.03658154,35.30441766
489,12.96410488,-12.6636265,65.97603953,92.57649367
490,4.776191809,-9.673291296,26.3044653,46.27599193
491,0.7176297802,-8.705242292,6.412016231,21.95299108
492,5.793716384,-6.675710667,31.02385006,44.45697427
493,-2.233666002,-11.10657282,-8.93369202,12.56896378
494,5.06863119,-13.26672495,27.50904818,54.11152716
495,1.253846856,-9.642583519,8.213753399,26.92028468
496,-11.53303469,-7.898657773,-56.9333429,-41.33287205
497,-20.7375533,-8.979012107,-101.5289263,-83.94799285
498,-8.184671224,-12.31232732,-39.5328181,-14.67995256
499,-5.374628294,-2.764734025,-24.72379167,-18.98415614
500,15.8051065,-6.42927181,82.81255953,93.97084159
501,16.43024199,-6.911375256,83.94239887,100.235878
502,-10.4919154,-8.576117478,-49.16415169,-34.02088979
503,5.334746547,-8.965297663,27.3868107,45.66350879
504,8.527711014,-6.787053687,44.67916494,57.21657646
505,11.03532248,-9.183388888,55.44706881,76.12598763
506,8.61465586,-15.0304865,42.9625738,74.81473362
507,12.51607444,-10.18060425,64.41711032,84.6304214
508,11.26671623,-9.058138197,60.78709009,76.99330077
509,-0.9197859321,-12.45432365,-3.604891883,22.10725078
510,5.242402283,-8.93902579,27.30364401,46.51924192
511,1.312403043,-11.30394309,8.744158021,31.99438547
512,13.06964091,-7.208532261,68.3396432,82.98153649
513,2.083196202,-10.89358724,13.7687521,34.29470439
514,-1.810109713,-10.16102546,-5.494689431,15.63907544
515,5.953535098,-11.49576492,32.26595094,54.74498634
516,23.61828428,-10.58599368,120.3305814,141.7345302
517,-1.026137131,-12.81941061,-1.190303115,22.7144338
518,12.19769873,-11.89841275,64.7024716,87.94921931
519,21.49925159,-12.00003473,108.5267827,132.493175
520,-13.80353961,-7.892914202,-66.66541382,-50.88339539
521,-19.47376955,-10.4939748,-96.36093089,-73.69802094
522,0.5977094617,-8.527936444,5.626992176,24.14543763
523,-2.289581791,-8.790745124,-9.735646967,8.893768033
524,11.46730637,-4.169865381,60.52387631,66.8635413
525,17.01939789,-4.472758237,89.05939916,95.46530244
526,0.3607388677,-11.32365105,4.362978946,27.9380536
527,3.197708386,-5.441192793,18.33965138,30.09279367
528,-11.87746137,-7.18222953,-56.3553704,-43.51526614
529,-3.681817344,-11.81589962,-15.39849567,7.265573302
530,-9.575864546,-11.98758908,-47.68334461,-22.12170259
531,2.007788365,-9.787066779,12.11292111,33.02028414
532,20.07379626,-8.247113708,103.2451436,118.1867119
533,-4.7306257,-10.87419729,-19.33627349,2.307660283
534,11.16459989,-12.48920985,57.15678411,81.63703908
535,15.2013771,-13.45066593,79.15016792,104.6975903
536,6.152510606,-8.109788234,32.52229265,48.22348656
537,-2.965382549,-10.02320468,-13.61859484,7.767328267
538,12.41238632,-11.27797533,64.92967875,86.17993026
539,5.742499514,-11.9112386,31.60970254,54.77416899
540,23.1676065,-9.711164915,116.1663558,136.7667359
541,14.42171076,-9.638376126,73.47707914,92.37349017
542,-1.288047529,-7.201193619,-4.393531023,10.03630377
543,-0.6443541942,-10.34487714,-2.402513129,19.18398922
544,36.63505767,-8.178186731,186.071838,200.7991985
545,14.44130926,-9.444052307,73.48965443,93.22397345
546,5.448975758,-9.980764372,30.25474514,50.65863022
547,-3.486821835,-8.29341576,-16.50550115,0.6798838126
548,9.951500473,-8.16115518,51.98634172,70.30011732
549,15.717119,-7.064262244,80.87381901,96.48106217
550,8.873704838,-11.7107963,46.77845613,70.8693494
551,9.067895234,-8.617205266,46.82396104,64.29234356
552,-5.365294363,-8.649525379,-24.29589572,-6.273067857
553,8.988417706,-11.34758857,46.63191196,68.13478299
554,2.128226742,-12.63242901,11.88883147,37.54401497
555,4.784894391,-7.675131453,26.9629821,40.44991801
556,-6.583387535,-11.09733654,-31.06465035,-7.344269627
557,-6.973275779,-8.413698386,-35.31441307,-16.41251343
558,-2.834689174,-7.518796748,-12.12749447,4.176403929
559,-3.824313497,-9.477913017,-18.41710788,2.940643259
560,2.663591344,-12.0344678,16.20994652,39.32966404
561,13.0970962,-5.891853544,67.41263525,77.75085529
562,7.584011595,-14.76647943,38.97803367,68.98442137
563,-4.01970535,-10.58878769,-18.09923567,3.611984953
564,13.24524752,-13.48703136,67.20981842,94.25224055
565,9.446068633,-8.610454965,48.54241203,65.2371135
566,18.0270702,-9.001526865,92.80749327,110.3725266
567,2.224647034,-5.184963811,11.40062765,22.87495632
568,1.981092587,-9.691667657,12.52138155,30.17028535
569,4.734643704,-7.513536906,24.95445287,41.06575231
570,-7.98213115,-15.27693994,-39.77276373,-9.174993389
571,1.447446026,-8.378086409,9.177955369,26.17107902
572,8.558220698,-10.55933514,42.99464032,65.04395218
573,0.3299025136,-13.22669913,4.622862887,29.28377628
574,7.7348175,-9.949466622,40.00117718,61.8807009
575,0.8907072411,-7.518746936,6.129012503,20.89630033
576,6.6650815,-7.16777199,36.00175172,50.30204631
577,-1.832412949,-8.548415793,-7.314674374,10.83397066
578,3.955803152,-10.74914799,22.45864843,45.44977955
579,6.636148282,-9.502069035,35.38325572,53.29779817
580,-9.932461319,-9.542507385,-47.82059228,-28.76368515
581,5.964923359,-11.64755056,34.97423708,54.81671724
582,-2.49785813,-8.777473512,-10.39866167,6.558547783
583,9.7056978,-10.50989575,51.26277064,71.8477689
584,3.092476136,-10.32823961,15.42927239,38.59045268
585,-6.222457795,-9.359399738,-28.93609052,-10.40845019
586,-0.01408718776,-12.12032462,1.079170274,26.81590504
587,19.7826328,-10.25389899,102.1713569,121.3284935
588,18.26727642,-8.982408629,94.43367988,111.6164298
589,6.71230269,-15.72625735,35.68496395,66.56350079
590,-8.687827062,-11.21365087,-40.05564182,-18.88489848
591,-1.551178953,-9.684378298,-4.750510102,10.97941332
592,3.913490166,-8.522412655,21.28912895,39.53849241
593,15.12231779,-10.04296558,77.59978647,98.62272473
594,10.58994646,-9.494808325,54.39437913,73.48207519
595,-13.49924328,-8.462129332,-66.15209527,-49.74495792
596,7.112683807,-9.010399394,39.04081588,55.81311886
597,9.72074329,-10.90407352,50.79249223,72.793222
598,-3.667149223,-6.838731198,-14.88116091,-2.196167341
599,10.12692516,-11.05485682,50.25981546,77.00786239
600,24.51454163,-11.37199926,123.9537966,146.6257634
601,9.323282121,-9.182804198,49.656744,67.26220868
602,4.814183594,-12.42227868,26.34388134,49.97078208
603,4.796309343,-5.390794272,26.56563983,35.49034008
604,12.23865079,-11.21337193,63.07112761,85.99951977
605,6.271575653,-6.133363443,34.13018744,45.98220411
606,-5.912371389,-11.4841137,-28.08307636,-4.541452923
607,3.996234668,-11.00039522,22.79375051,43.3479611
608,16.52285137,-10.25453288,85.06098792,103.9184381
609,-4.757348246,-8.943904548,-22.98868272,-4.450448186
610,11.1084875,-7.727667463,57.50053332,71.54391584
611,-7.841702597,-7.542813928,-36.65025477,-22.76062334
612,-9.033396701,-7.663821102,-43.11026462,-27.14190024
613,11.31251094,-6.127876189,57.99174335,70.43506263
614,8.769289253,-11.49508397,45.24459269,70.12364644
615,23.56793228,-12.86237673,119.9541311,146.0659075
616,8.869147559,-6.556983181,47.49157531,60.5839684
617,4.785136025,-7.852115816,25.75096493,42.10204396
618,9.661456301,-8.950727046,51.30320265,69.65716963
619,14.07665743,-4.975233454,71.6006057,82.28688978
620,-5.542116845,-8.074119487,-26.07867527,-10.20871356
621,-5.403227511,-7.940881862,-26.10400569,-9.681003251
622,-4.595074124,-8.038530669,-19.5690454,-4.122919321
623,-3.183484306,-7.238845018,-15.49766267,0.03260897133
624,3.237446867,-9.679980358,17.66250676,37.91715972
625,-5.917670872,-8.414988603,-26.87520419,-11.41667112
626,9.909899085,-6.601996225,51.00212826,65.01683795
627,6.0331612,-12.5849459,32.22716895,56.85026085
628,14.26378599,-6.895777191,72.5159905,88.03138265
629,1.229440049,-9.437513202,8.246873625,26.88466968
630,6.276228104,-8.082716807,31.76057808,48.2341714
631,-11.50376685,-10.47213566,-54.13841804,-35.81576831
632,15.11826849,-11.88791778,76.3570158,103.9942976
633,-5.293101855,-7.303876957,-23.89194493,-9.91581134
634,-2.142606325,-10.60207645,-8.302859088,13.5409947
635,10.08994914,-8.638858252,51.49142559,68.27966756
636,-13.87124333,-10.15726713,-68.48073708,-48.24581329
637,-3.019472573,-8.53111288,-13.50771892,4.428974549
638,9.389957519,-11.72054627,48.00442287,71.52317261
639,-6.847588276,-10.80582285,-32.42550487,-10.75456114
640,-3.358788604,-9.216506541,-15.29147877,3.194096527
641,-7.148915925,-12.11873939,-33.74573931,-9.213498427
642,18.50177842,-11.19767748,95.07097744,119.8443352
643,2.406422236,-6.24896128,15.4497154,26.61139841
644,16.49582774,-7.731535206,84.46442327,99.78776029
645,2.402396838,-9.846833518,14.581648,33.34137764
646,29.08595554,-12.72503634,148.1893186,174.355299
647,2.866883517,-12.06065043,17.50421049,38.43426919
648,0.5266512649,-11.26665331,3.467736684,25.41929539
649,-4.389366728,-8.783478124,-21.59881208,-1.415482621
650,8.172017587,-11.87194402,42.3280703,67.94635894
651,5.725536235,-8.416051967,30.67799718,47.59160408
652,3.255962187,-11.95852109,17.2655568,41.26538931
653,21.15394429,-7.891945495,110.8287285,121.7615276
654,11.68544761,-13.64578775,60.8295826,89.97927148
655,4.598917288,-10.14736696,25.02943881,46.59305819
656,12.40846813,-13.11492781,64.82417434,91.74672733
657,13.90651197,-7.288822364,71.35398164,86.07006798
658,4.398068302,-8.262628198,24.28560025,40.1706463
659,16.0104232,-10.7251148,81.5326464,104.6471427
660,19.57289732,-12.20327381,99.93939364,123.7806322
661,12.15889687,-13.14300036,64.43354385,87.27478136
662,13.43889927,-9.603371367,70.01320962,87.92459113
663,-19.25171632,-9.243052379,-94.11204161,-77.93896395
664,33.74269885,-10.67199232,170.8565699,193.3026625
665,2.104280014,-10.48107186,13.45242062,33.13085975
666,8.67917564,-10.43443265,45.84296112,65.18567311
667,23.28046227,-10.80783355,118.9326784,141.3686285
668,-11.77336878,-9.746109243,-55.94746834,-38.93865742
669,-7.899811919,-7.874965815,-36.86870857,-21.99512143
670,-5.997401619,-9.83838839,-28.00703666,-8.282794894
671,-16.87914328,-11.73596535,-82.99522334,-60.21311106
672,2.231249083,-10.18216659,11.91867416,34.61367865
673,8.552942999,-11.22200082,44.76538592,68.05082023
674,7.854395676,-7.126471483,41.8038662,56.34276939
675,-3.18899786,-6.02648652,-14.54089224,-1.012313794
676,4.616421341,-8.951713953,25.62208625,42.94936688
677,2.310014413,-11.43546109,12.77712893,36.94736403
678,7.719239278,-11.27037646,40.69139732,62.98516391
679,-5.079245712,-11.66935786,-22.11917065,-0.1835241884
680,12.38484729,-11.52464028,63.91476609,88.38050922
681,14.67070325,-11.55309439,75.43238192,100.7621951
682,3.177643573,-7.330941723,17.28065911,32.94654675
683,1.156768144,-10.07977447,7.696287893,26.4543927
684,8.649261252,-11.02336173,43.80759022,69.3840522
685,-14.32859759,-10.02703857,-69.221934,-48.9861205
686,6.27919558,-10.52347873,34.72225942,55.9138436
687,20.08021599,-9.307608189,104.3629432,119.3794702
688,19.42124009,-10.01458887,100.3472256,120.6092057
689,-2.559145194,-10.26100396,-9.916599939,10.72421908
690,6.30080613,-10.90410275,34.39559008,55.92544551
691,-11.8976736,-10.3043965,-55.64890688,-37.36628819
692,-1.964351274,-9.479705105,-7.469984522,9.885378316
693,-20.91354531,-11.67001682,-102.8916589,-79.33296972
694,3.422564846,-11.61927968,19.95365211,42.04415407
695,22.18190701,-7.129401765,113.7001372,128.1240631
696,-3.363387636,-7.069386969,-15.69905649,-2.747334929
697,31.27038988,-7.872592355,159.7513891,173.690586
698,1.890655314,-8.160977397,10.33584275,29.01639392
699,13.7661783,-10.18956343,71.88982759,91.16374157
700,11.64588895,-9.575713499,60.28066763,78.61092746
701,-8.836456452,-9.884768511,-43.77108529,-22.42658944
702,-2.330689807,-12.30409676,-9.330353948,15.66035442
703,-7.732836779,-6.02465229,-35.56457949,-24.42938026
704,2.784810958,-10.64221417,17.99994273,36.61511867
705,17.05530149,-9.510119146,88.86907922,108.5152645
706,-0.4491348028,-10.77435733,-1.329392473,20.44237052
707,-0.7806209992,-9.647239487,-2.794187066,17.58805949
708,1.055050693,-6.56898405,8.008865157,19.90157889
709,3.838812846,-10.05169984,22.25372072,40.38637908
710,0.09372201593,-13.80843307,3.215756266,31.21320355
711,-2.332736377,-8.595518443,-8.917264195,6.010921844
712,16.67527297,-10.98549846,86.89068395,106.708035
713,-4.909264482,-12.41887482,-23.37386434,2.186307284
714,5.069002271,-10.6057497,28.93362626,46.31597864
715,5.613375035,-12.24151671,30.32766889,54.07426071
716,14.22118436,-12.46187363,72.22156746,96.85176723
717,-2.798050369,-13.98088722,-11.01814212,16.40041458
718,16.62954089,-7.846247379,84.51658483,101.4863762
719,17.2631195,-9.954359131,86.36931801,107.314888
720,17.15769106,-9.731279153,89.45880267,107.0394617
721,2.353835806,-8.937892975,16.4416497,32.99690949
722,-0.3650796382,-9.630146636,1.596768355,18.52909365
723,10.79951347,-14.27395584,56.24245668,85.2232358
724,-19.39075536,-9.568462521,-95.93302573,-75.17279593
725,-20.85209786,-10.40074066,-100.4387715,-82.0381603
726,-16.64400056,-10.76789686,-81.22571157,-58.71830552
727,4.560562356,-12.44917331,24.05661235,49.28764418
728,-7.32114311,-10.53605746,-34.08014799,-12.79903105
729,2.529881804,-13.63528299,13.85048281,40.67989123
730,10.74769221,-10.39394376,56.84903079,75.55271131
731,21.18501131,-7.473311648,110.2055614,122.4964052
732,2.093228619,-9.768160159,11.4187991,32.49465365
733,-2.662925047,-10.01808485,-10.60142706,9.647727916
734,-10.67002287,-13.85638631,-51.74420489,-22.39220932
735,20.70872341,-9.233221872,106.3427897,125.8505419
736,-8.797091299,-11.3514396,-42.60673125,-19.53454119
737,16.14990907,-5.433046658,80.23759017,90.78643091
738,17.32033728,-12.04446769,89.28119329,111.9308105
739,6.726326767,-9.469979992,35.62019821,55.10318399
740,18.05254755,-13.50449123,93.10230103,118.9106213
741,-1.698645644,-10.23375771,-7.418676659,12.42322701
742,15.55338833,-11.24045116,79.2990291,101.5039203
743,9.907400674,-13.43517217,51.62034694,76.80328487
744,-2.419783081,-14.17915073,-9.760845002,17.41128918
745,-9.216140382,-9.479870844,-43.6590053,-25.09602531
746,-7.171730343,-8.403305007,-32.50602986,-17.54302802
747,0.3775167812,-11.56220229,3.950310599,28.8265317
748,-5.437235465,-9.167801039,-24.21781912,-6.460399569
749,0.8732080593,-3.323619526,6.691639751,13.26697471
750,8.207927821,-10.92488119,41.90009558,63.86260164
751,9.286459625,-10.48507656,50.75136209,69.37307099
752,2.583933595,-8.491671511,15.30587773,32.19391845
753,18.02975663,-8.127369469,90.55463284,109.4782225
754,3.823580175,-11.99946002,21.3874327,44.40988473
755,-2.06110967,-11.48373684,-9.159655806,12.02381438
756,0.3619207679,-8.576008908,2.431827831,19.12919103
757,-14.71673808,-7.877033102,-70.31730786,-54.2942074
758,-1.957968348,-11.36384791,-9.061629936,15.19972373
759,10.65491747,-13.45196641,56.126019,81.24120297
760,8.217354957,-7.58556246,42.00677994,59.29748158
761,0.1165705117,-10.94967082,3.469162104,25.15977266
762,-0.8037775762,-10.24150048,-2.465310568,18.95604445
763,-6.279826762,-7.640663131,-29.37228564,-14.87136933
764,-10.80958406,-12.1590813,-53.80515074,-27.06506255
765,9.243248379,-9.713108017,47.85691507,68.87492024
766,0.9714943572,-11.47731214,6.99919365,30.12845563
767,12.5768517,-9.211793875,64.71044756,81.94393279
768,-4.524062844,-9.672830265,-21.16604019,-1.662906666
769,-17.60011903,-8.465728307,-86.39214244,-68.60161826
770,4.649173962,-12.15744721,23.98712655,49.94267778
771,5.686472094,-10.83661544,31.03865927,52.58073901
772,-1.613031389,-9.420030586,-7.328160082,12.16944893
773,20.95236115,-11.43002711,106.7917721,130.2810378
774,0.3561074945,-9.009945549,2.787784804,21.69638582
775,-0.2196526751,-9.069168053,1.612840818,18.13788386
776,7.563745264,-12.11201419,39.88993356,63.9725243
777,10.38611294,-10.62113149,54.86770254,76.41092551
778,-5.073105998,-7.807319754,-23.95262605,-5.863822768
779,-5.650480816,-8.933611738,-25.76879088,-7.483204688
780,15.48538334,-8.890813682,78.68398878,98.97161911
781,-1.083573176,-7.251485045,-2.638216751,11.704374
782,-1.285524023,-9.970008326,-4.136877992,15.13330952
783,4.298366439,-5.065737738,24.39261529,33.37359504
784,-6.335529072,-10.12230397,-29.4921315,-9.073902756
785,-4.897930306,-10.22740928,-22.98679528,0.1158469205
786,-6.449245673,-14.00774632,-30.85339939,-3.921938866
787,-3.116681771,-12.61498914,-11.99050329,11.22382112
788,9.273212693,-9.749962989,47.63562991,69.04126436
789,10.71360163,-6.542873018,55.25548372,68.7615926
790,3.110621053,-13.46231976,16.10608344,44.36238452
791,15.08215764,-11.67114347,77.57428888,101.1814263
792,12.6415412,-15.56802319,63.96780653,96.39033444
793,15.75077573,-10.43945638,80.28054159,100.9981602
794,-7.133716491,-12.57811033,-35.03867869,-9.791449423
795,0.5053729557,-10.37057607,4.618265694,25.66703446
796,-9.679049211,-12.45041132,-46.69000668,-21.08709317
797,-7.105689372,-11.19306806,-33.01003114,-9.459583559
798,-11.31881308,-10.49544794,-53.19908583,-33.58051171
799,0.9085641384,-9.688775834,6.073759799,25.02352994
800,16.2977388,-9.44895086,82.74057353,103.0069328
801,10.42134818,-12.91272146,53.30878695,81.28770014
802,-3.790368379,-11.0647005,-15.54900833,5.249588652
803,1.804795312,-10.20749095,11.2508452,31.42683449
804,10.90756462,-5.630802103,55.83608884,67.91785626
805,13.73755652,-10.1592297,71.81033592,93.38564768
806,11.18253928,-8.876084876,57.53769579,76.05370298
807,-9.305853291,-10.85273401,-43.95988348,-23.37744996
808,5.977383583,-12.9600118,33.21127138,58.45232824
809,13.86743828,-13.74368792,70.79451661,98.58746174
810,5.406761439,-8.856329398,28.16113222,46.62728727
811,5.460475875,-13.00510153,29.13398329,53.5502091
812,-2.358348175,-12.61779925,-11.14616222,15.73298725
813,15.8563344,-13.31918719,83.55583446,107.4922148
814,-1.901742497,-8.243335962,-6.880317844,9.609915404
815,-4.256739934,-8.672611829,-18.60529651,-2.320709913
816,14.57386258,-8.897159872,74.36272488,92.51562713
817,10.18320771,-8.620376804,54.48136299,68.56821049
818,14.79398288,-10.02718054,74.58872332,95.53583978
819,7.370467477,-6.902812674,36.95064515,51.96061491
820,8.504948419,-11.58899399,45.29693774,68.18567893
821,2.177735635,-12.21752845,12.16431782,36.95317434
822,3.163595782,-9.052801169,16.29868481,35.40190565
823,-3.105558198,-8.977160175,-13.95025986,3.592693745
824,-6.716541641,-8.815608151,-31.32544665,-13.71564433
825,9.865945236,-10.43359272,51.35316356,72.86548123
826,3.15669012,-9.366230305,18.97075304,36.12934221
827,25.8394848,-11.40860435,131.5500285,152.387345
828,17.57694046,-8.683946114,88.72095333,107.7032661
829,4.748456787,-9.70479044,24.30815858,46.09839636
830,13.55409127,-10.34278259,71.58663144,90.67416199
831,-10.59472709,-7.358725303,-50.40164288,-37.15292579
832,2.462298118,-8.509113117,14.9603936,30.25141887
833,-8.656397252,-10.03472159,-41.8350861,-21.44211251
834,-10.14537763,-10.82501792,-49.55593291,-27.41010182
835,-2.030574305,-10.95748121,-6.869137244,14.7702619
836,-1.450582381,-8.170291879,-5.549457969,10.09614482
837,4.512781077,-11.86106163,24.72143819,47.40017088
838,6.322970693,-9.189068066,33.96071827,52.3360866
839,-11.08598667,-9.20499029,-53.41858846,-35.6805344
840,4.642226938,-10.55283273,26.27892422,46.9119238
841,7.103176343,-12.33697601,38.44308792,61.50786126
842,-11.07916114,-9.393005573,-51.40148033,-34.47641022
843,-3.698870702,-9.595750745,-17.0141589,2.852986908
844,3.797040635,-11.40593724,20.97853245,43.4445938
845,-4.829259759,-9.552644121,-21.75334486,-2.82273552
846,17.48423471,-11.86677702,90.12664182,112.3638737
847,25.06322331,-10.33833417,127.3624644,147.8535645
848,-0.3519978707,-11.37884849,0.6853571352,22.67257386
849,7.532601211,-9.665785344,39.31040814,60.51093161
850,8.325932928,-12.10372692,44.40941473,69.20995496
851,-8.8828322,-8.420819557,-43.9685574,-25.04678254
852,-1.61573259,-7.846295445,-6.839102198,8.810545515
853,1.16854932,-9.706956385,6.365494906,28.15365311
854,1.473577209,-10.89431943,10.34745874,29.36341767
855,9.171448534,-9.01487844,48.30243555,65.29871584
856,-2.749006984,-10.80447079,-12.68438004,11.47921923
857,-12.81027096,-9.699668092,-61.11328763,-43.21801062
858,16.96177558,-6.702902931,86.12931601,100.3330264
859,10.64371624,-11.86872434,55.74136977,80.4390371
860,17.23128222,-8.387125467,90.34449763,103.3409347
861,1.441085101,-8.600398443,9.175407464,26.09176543
862,6.473351863,-10.99250569,35.79880677,58.14659858
863,12.51274747,-8.216652903,63.97014813,79.61763464
864,12.2295496,-14.05098731,63.34102791,92.2169793
865,15.07230284,-7.720383079,77.77992477,92.80971938
866,-1.581894316,-10.20571165,-5.935690586,14.6869723
867,-3.124435085,-10.06040358,-14.77241479,6.497918072
868,17.28490313,-11.65711775,89.44247096,110.2308785
869,-6.11448796,-6.500491252,-28.61889352,-16.18031287
870,-0.9299159405,-5.08259911,-1.834837586,7.170264522
871,14.92182174,-13.86302863,77.19917017,104.8584965
872,8.993682676,-9.208405766,46.40461466,65.07956276
873,-9.657541238,-12.83739626,-44.95252296,-19.47861076
874,2.49398751,-6.61714117,15.69842894,26.64292745
875,2.540957411,-11.9318373,16.00656583,37.91378627
876,23.69007035,-7.65326745,121.3117265,135.3312458
877,-8.360020363,-8.032674919,-39.85782674,-24.72308758
878,15.3185494,-10.76981574,79.19795249,99.83771334
879,16.32193154,-8.1487585,84.41995318,98.96462879
880,-5.18739473,-11.7889702,-23.71874863,0.5509263058
881,0.2511159381,-8.054088836,2.94552715,19.02292708
882,5.616962655,-11.9877644,30.58665079,53.5134031
883,0.002604819087,-11.4058494,2.659848715,26.07768816
884,-12.87356285,-11.08435136,-62.75206957,-42.04274023
885,-4.779458748,-6.51126082,-21.54280295,-10.19359237
886,0.4910745779,-9.937188314,4.151833791,23.43413316
887,-3.132381329,-11.03575619,-14.41359084,9.642533764
888,-5.491533367,-9.204065435,-25.85642648,-7.989372582
889,10.59150751,-10.76115665,55.98318114,74.45125403
890,17.29251748,-8.639663176,86.42788071,106.3859285
891,-7.001321188,-9.267460558,-33.40524643,-13.97483404
892,-2.273779547,-8.095512906,-10.15272312,7.151813837
893,4.383596579,-6.013419715,23.77823367,35.90179949
894,34.39441091,-10.1148646,171.6819549,192.8225195
895,1.478245342,-9.828674103,9.136823564,29.36852946
896,-6.486546651,-10.24782935,-28.32342261,-10.69726248
897,-10.72561823,-10.35258695,-51.45643194,-31.10313621
898,10.82166131,-9.741258123,58.18062181,75.69023216
899,3.162654455,-8.624411167,16.48165007,35.41477215
900,3.615935436,-7.985697853,20.02983968,35.71808015
901,10.86955243,-9.531486073,57.41567814,77.08626798
902,5.844874701,-11.69031644,30.27335048,55.29622565
903,4.091972661,-9.328574195,19.02058857,40.63443182
904,5.179626042,-8.677358661,27.38505694,45.22457027
905,-10.14566181,-9.315504313,-48.1024106,-29.70554351
906,3.419725519,-10.92227132,19.75202441,40.19129351
907,-17.51146644,-8.182384063,-86.11034539,-70.21504826
908,14.28126434,-7.714437545,72.96459293,87.20106635
909,11.31778976,-10.91232558,59.16981981,78.72080423
910,7.013784443,-8.423549569,36.80523866,53.48698268
911,12.32090073,-6.695269092,63.2658873,78.38493515
912,8.598573618,-7.10047509,44.51316697,58.78087868
913,9.288875168,-10.42631995,46.81333411,70.25444168
914,0.132858158,-12.64793262,4.941562234,27.44665963
915,3.61845846,-10.32051786,19.96243638,39.26964932
916,7.591810831,-11.79985295,40.05391058,62.54391113
917,-7.424734711,-13.77734006,-35.77700627,-8.851481704
918,0.745158305,-9.891986089,3.86863472,25.39406651
919,-2.496897504,-10.87749135,-10.93786815,11.36595591
920,-11.61310186,-12.45950756,-55.97002477,-31.62853758
921,5.199937589,-9.642958877,28.9553944,48.38471446
922,16.62287868,-9.6620447,84.28618396,105.5824572
923,-16.91641724,-9.066062244,-83.87135589,-66.13697829
924,-0.4798058545,-6.588181493,-1.082729982,11.37732536
925,19.79534128,-8.971000311,100.1423954,121.219053
926,-8.216170088,-11.76833814,-38.62818725,-15.31648101
927,-2.210371737,-8.991394915,-9.569160324,8.358215183
928,-2.111420612,-12.54353216,-7.976517638,16.52515147
929,17.12843183,-5.822415802,87.80064637,99.31111385
930,16.50580358,-11.13760929,84.36602807,107.5737785
931,-5.778461943,-11.17324454,-27.80584323,-5.568999714
932,18.35731397,-10.44280341,95.66527547,114.1300562
933,-2.771311881,-8.254094482,-11.45781862,4.938446801
934,7.461292125,-6.392675145,40.01465267,52.11691929
935,2.452347692,-13.32988443,15.89664765,42.09768103
936,1.418167119,-10.49873637,10.19545513,28.3512514
937,-9.04898358,-7.926084755,-41.87078961,-27.2754404
938,-8.096124451,-11.64367431,-38.55226268,-17.39702677
939,3.909662992,-7.478426458,21.00813308,35.83737626
940,4.721650566,-8.490121284,26.53117689,43.13777099
941,-2.684687111,-10.22081228,-13.08263851,8.292103138
942,-3.002247169,-7.77577672,-12.73736809,3.32471031
943,-5.00099989,-9.381079942,-22.21851707,-3.177435643
944,5.23876645,-10.08216149,26.86464833,48.35605673
945,10.27411029,-11.96957333,52.69693547,75.66948678
946,-6.802039746,-9.757395483,-31.01210575,-14.243563
947,3.133519179,-11.02192367,16.54358301,41.64431094
948,-3.03384442,-10.80774594,-15.40432012,8.25760828
949,1.305808962,-13.138664,11.62803823,35.23341499
950,-2.174480661,-12.56515068,-8.555212969,14.90833411
951,7.554014034,-9.173700477,39.5636191,59.41552196
952,3.471550558,-8.863605774,17.29242656,37.90601899
953,5.150146434,-11.91543808,25.34152222,50.91504506
954,9.175750665,-9.659737537,46.37139222,65.71230156
955,7.531633984,-13.1002362,38.38878609,67.71837342
956,-8.410199608,-7.448257257,-41.54629216,-23.97857303
957,-0.1980939351,-9.635195018,-1.178631501,18.99971528
958,-5.6455966,-8.61224036,-25.26562135,-9.068789577
959,5.413635338,-13.44136234,28.85875642,55.08594527
960,17.32997064,-8.352550448,88.99588601,103.6551384
961,16.07982984,-7.482810538,82.11003691,98.33974689
962,-3.073954776,-8.837504773,-15.15397197,3.967134256
963,24.9948011,-9.979948371,126.3729222,147.0678601
964,-11.73350291,-12.19842294,-55.42750281,-32.70250014
965,11.91842596,-13.93697611,60.00608924,89.32917962
966,15.13444437,-10.1520774,77.30019924,99.45607177
967,-1.545838684,-8.176943501,-5.775443313,10.92126145
968,-22.79707335,-9.730078708,-112.1989058,-93.26373492
969,-3.433188012,-9.537900832,-15.23480474,5.031983362
970,6.79358331,-8.721728379,36.22058694,52.9347009
971,1.095856019,-8.822979267,9.286694985,26.70510658
972,16.17767122,-9.610804866,83.76333408,102.2105949
973,14.14835598,-12.34073097,72.88788124,96.95516216
974,-5.27105236,-7.159937982,-24.7901129,-10.70340007
975,15.44707656,-14.01818449,79.40117284,105.611655
976,10.25731815,-12.8799505,51.62224565,79.97440531
977,-5.771781263,-11.57489352,-28.03363535,-4.416237442
978,8.965065654,-11.65909266,47.50745644,69.46150681
979,-6.198823303,-9.94902856,-28.78614099,-8.178809486
980,8.259397287,-11.70975159,43.27483536,66.68049625
981,-5.509469586,-4.051614147,-24.2919701,-18.0709962
982,1.42164664,-9.688689957,9.399929682,27.61902966
983,17.57706256,-10.76266248,88.13398357,110.9765572
984,5.937242167,-10.99799528,32.56028396,52.7137938
985,0.774175935,-10.82307331,6.240309579,27.75092684
986,9.177330133,-8.715108024,47.51348704,66.38041969
987,-17.74385102,-10.80287173,-86.15509348,-62.9667296
988,-1.312739057,-8.929641683,-3.213223867,11.24455572
989,0.4571471916,-11.10276979,5.680128982,26.85937385
990,-7.550192056,-11.57074691,-35.87955429,-12.25069611
991,23.71192734,-7.675319573,121.0547479,135.7581922
992,-8.022551877,-7.165643954,-36.90028641,-23.54219696
993,7.370621157,-7.868087949,39.71009243,54.92142548
994,6.86312865,-8.99390116,37.00762136,53.06485264
995,5.756363606,-10.44170892,31.80276289,51.35118387
996,-5.278192336,-8.89102792,-25.59657845,-6.217389152
997,21.31075998,-7.544929009,107.6007543,122.8071707
998,-23.99366624,-11.4362766,-117.371179,-93.8213209
999,9.536949342,-8.721028526,49.83190425,65.78734728
1000,-13.3419619,-9.280651137,-63.51718432,-44.40930252